trade_type,trade_count,mean_pnl,win_rate,total_pnl
Contrarian,37605,184.16129950355005,0.848823294774631,6925385.667831
Momentum,50338,62.400602922106565,0.8595891771623823,3141121.549893
